{
    "bug_type": "NeuralBug",
    "vision_cone": {
        "forward": 4,
        "left": 4,
        "back": 4,
        "right": 4,
        "forward_left": 4,
        "forward_right": 4,
        "back_left": 4,
        "back_right": 4
    },
    "brain": {
        "input_size": 17,
        "hidden_size": 12,
        "output_size": 8,
        "weights": [
            [
                [
                    -0.25228572242249103,
                    0.1593212447267914,
                    0.38688532084586913,
                    1.071659901707051,
                    -0.4459736172070375,
                    -0.5912630920524486,
                    0.6217217557713696,
                    -0.6307370589015745,
                    -0.4515842597159655,
                    -0.637419302281327,
                    0.12106038119347987,
                    -0.4090141546289342,
                    1.0671334646552195,
                    -0.33385199883244526,
                    0.3774366739107543,
                    0.15645747218940026,
                    1.2902039222602397
                ],
                [
                    0.9139768195237141,
                    -0.4697990051835571,
                    0.8725370779510138,
                    0.10004729584952805,
                    0.6659443312305394,
                    -0.29078958919020115,
                    -0.3156649601893566,
                    0.04858156475776244,
                    0.36545816274759313,
                    -0.027527086309664044,
                    0.8150478913688232,
                    0.5476149394417349,
                    -0.5069609085225268,
                    0.46744954233601227,
                    -0.872236893722825,
                    0.5783446209540781,
                    -0.47752557812894453
                ],
                [
                    -0.09143951244929177,
                    -0.3369705539655404,
                    -0.5007202257663943,
                    0.4365092370922292,
                    -0.06230977249161152,
                    1.036809673787126,
                    -0.4264019841488947,
                    0.4901451070888067,
                    -1.3075035436420213,
                    0.7977912777004453,
                    -0.6976843531227905,
                    0.7439057305767846,
                    -0.12241910316518002,
                    0.7269149895046354,
                    0.11382640650649958,
                    0.4069125533875734,
                    -0.4051885672244247
                ],
                [
                    0.6037990904224311,
                    0.34134440963491663,
                    0.36090907031443653,
                    -0.702057871400221,
                    0.15016853882336623,
                    -0.03559490694274105,
                    -0.15207857649431458,
                    0.14546485836787298,
                    -0.26469882443608594,
                    -0.5052863573888322,
                    0.2037914643709416,
                    0.7672370015911407,
                    0.4076387857635851,
                    -0.31595610012839914,
                    -0.7298470096100627,
                    -0.38947528259174563,
                    -0.699143194480934
                ],
                [
                    -1.3818745351766843,
                    -0.18907689875363073,
                    -0.6471328282257507,
                    0.9407275154196513,
                    -0.5207021573926455,
                    0.5562367019884287,
                    -0.7235065351612537,
                    -0.9663999426259989,
                    0.018521135205512088,
                    -0.5053713547387939,
                    0.31712428823096883,
                    0.8624856361001974,
                    0.6097767832108759,
                    0.5951229326530348,
                    -0.7283175885397604,
                    0.5317193997662684,
                    -0.8006291715063334
                ],
                [
                    -0.904433551002299,
                    0.027637055924831885,
                    -0.8039641792132773,
                    -1.0048820581637852,
                    -0.46075058296807614,
                    -0.14761944730215715,
                    -0.7906830096105963,
                    0.9555033422850369,
                    0.5674034139634412,
                    0.7476441783862876,
                    0.7077975203028881,
                    0.880013562011188,
                    -1.0413523551735127,
                    -0.5720667696944661,
                    -0.44912166145836946,
                    0.03862042118010037,
                    0.762810163720861
                ],
                [
                    0.36010530623024883,
                    -0.42049951563151894,
                    -0.2506916697374328,
                    -0.24120641576033522,
                    -0.4384982190924788,
                    0.6094775090971871,
                    0.5166279343269464,
                    0.6992124487998086,
                    0.8206371202972351,
                    -0.7762696511502207,
                    -0.15492308636466467,
                    -1.141069160015622,
                    -0.541452994099601,
                    -0.00033273948265485215,
                    -0.5806341088445339,
                    -0.8662821652051379,
                    -0.3845983988359462
                ],
                [
                    -0.6723497320579322,
                    -0.5528232409374922,
                    -0.2504025324108634,
                    -1.3981329644571272,
                    0.34560744232784635,
                    0.17874231364647003,
                    -0.6334001997618722,
                    -0.24612186695723975,
                    0.780324967887824,
                    1.033573422143135,
                    0.2059215991774564,
                    -0.9830825528868828,
                    -0.8516804796019466,
                    -0.4509552362854442,
                    1.092398177675851,
                    -0.2651406212082581,
                    -1.0331657087448134
                ],
                [
                    0.41811023554005944,
                    -0.35063530194931936,
                    -0.8949004150189287,
                    -0.113963047004517,
                    -0.46573916564589746,
                    0.5004824764919311,
                    0.9452877223670806,
                    0.18383487598326378,
                    -0.7543309265013304,
                    -0.5654754851040884,
                    -0.46384716280297034,
                    -0.5849670837848108,
                    -0.8194678144394885,
                    -1.1792972876073358,
                    -0.8249323480977245,
                    0.8711053695367996,
                    -1.1044334198295722
                ],
                [
                    0.3051607287594612,
                    0.45771287456742815,
                    -0.04426066044164404,
                    1.1920025982951479,
                    0.5775008235616935,
                    -0.4998780635584136,
                    -0.4270471347514618,
                    0.296640353376285,
                    -1.0929121730861349,
                    0.3604854784857896,
                    0.07068035472723252,
                    -0.8413411357234715,
                    0.7709143927489704,
                    1.031260756892292,
                    -0.203597562334565,
                    -0.048293927020896944,
                    -0.05381799310691708
                ],
                [
                    -0.8335766795709925,
                    0.996852588492002,
                    -0.22422301331967287,
                    0.28548312140382337,
                    0.5253119178479698,
                    -1.5883563397641127,
                    1.1435652646651635,
