{
    "bug_type": "NeuralBug",
    "vision_cone": {
        "forward": 4,
        "left": 4,
        "back": 4,
        "right": 4,
        "forward_left": 4,
        "forward_right": 4,
        "back_left": 4,
        "back_right": 4
    },
    "brain": {
        "input_size": 16,
        "hidden_size": 12,
        "output_size": 8,
        "weights": [
            [
                [
                    0.1722665608892241,
                    -1.0152750050968202,
                    0.28040288037154804,
                    0.5553454136998179,
                    0.8050737128904464,
                    0.40265297022187724,
                    -0.5918295630144381,
                    -0.5017966331098499,
                    0.5407166407648103,
                    -0.028671855309473276,
                    -0.7719717918613214,
                    -1.0373799431612156,
                    -0.39145445710592985,
                    1.1572666653215165,
                    0.7951975794998615,
                    -0.3509114558790467
                ],
                [
                    -1.3410862026095913,
                    -0.7077025168835832,
                    -0.9582864082087974,
                    0.3495616422597137,
                    0.0761742305218561,
                    0.5809051805135262,
                    -0.14758915091804364,
                    -0.8831052405343277,
                    0.12709810475210984,
                    1.002813577090253,
                    -0.2999478145809244,
                    -0.05417109898054101,
                    0.66864801211459,
                    1.011817982668965,
                    0.27585565262478856,
                    0.7717346115293202
                ],
                [
                    -0.34202801747963346,
                    -0.5346824016755888,
                    -0.7922371363672741,
                    1.0923625024272003,
                    0.5161992161700684,
                    -1.219089825548951,
                    0.37420443319705365,
                    -0.6583660453038225,
                    -0.6289002604779895,
                    -0.6881166511626786,
                    0.5055632418255996,
                    -0.4458349718241328,
                    -0.4388756239540111,
                    -0.7103058292046344,
                    -0.3116098465828463,
                    -0.7004314896049718
                ],
                [
                    0.561152897863638,
                    -0.30129258809870074,
                    -0.15252499756028134,
                    -0.9387659820902063,
                    0.6512024007198971,
                    1.3072895371383941,
                    0.554393584342475,
                    -0.6187401874499081,
                    -0.7695896943827991,
                    0.6490148068524374,
                    -0.6122529371246659,
                    0.42258809710233447,
                    -1.3043455352015474,
                    0.527672015937544,
                    -0.8523216463879923,
                    -0.9916192260121598
                ],
                [
                    -0.35417119406522724,
                    -0.9360311601517264,
                    1.0270600222971735,
                    -0.3180228349879211,
                    -0.6264857626992596,
                    0.32182102177491484,
                    -0.32965174779085765,
                    -0.5944019882390658,
                    -0.5011496517685818,
                    -1.027629094060112,
                    0.32536482301293135,
                    0.10651085392991147,
                    0.32392596425420633,
                    0.029425383419148875,
                    -0.8127214009742376,
                    1.1425744207985533
                ],
                [
                    0.26561790738405994,
                    -1.328194871384979,
                    -0.47228934358458274,
                    -0.569710889794796,
                    -0.17656712830961596,
                    0.8230006505325579,
                    0.43618171395756855,
                    -0.09654763852913299,
                    0.07859801720414404,
                    0.16815274656765533,
                    -0.5574717559763159,
                    -1.0810750837961205,
                    0.34828970382991087,
                    -0.4450181371123605,
                    0.7916819224927709,
                    0.3362261406297196
                ],
                [
                    0.9843915422918993,
                    0.9054008248025427,
                    -1.1291016445432807,
                    -0.4090460181827777,
                    0.4261161363337801,
                    0.7339546372379703,
                    -0.03345465310999435,
                    0.6667577943393164,
                    -0.4300252072067397,
                    0.4681426238409244,
                    0.056134283658162296,
                    0.7007858990122938,
                    -0.578682938729668,
                    -0.005638327438272986,
                    0.11089971987861087,
                    0.15676242194725906
                ],
                [
                    0.2654621486127089,
                    0.9063226194083125,
                    1.0848988019735557,
                    -0.9245493816909329,
                    -0.16810551038219387,
                    -0.9348803468933621,
                    -0.5355487428815326,
                    -0.16642474640956756,
                    -0.2371091279035919,
                    -0.7898322391112784,
                    -0.29651315258399286,
                    0.17984722008048165,
                    0.0597246832236558,
                    -0.2786361240795897,
                    0.6086506163913906,
                    -0.4430470166102545
                ],
                [
                    0.7884080231019283,
                    0.3963350042849296,
                    0.24524916660607476,
                    0.33205511232450474,
                    -0.6411756456949802,
                    1.0401432013980276,
                    -0.589766338623909,
                    0.5585924499370292,
                    -0.23375636391000343,
                    0.3694313138349754,
                    0.25178522723500474,
                    -1.0398478967663043,
                    -0.7651127923033714,
                    0.8812199048248371,
                    -0.27739136411893295,
                    0.3575057168922467
                ],
                [
                    0.8045748055903627,
                    -0.09132488173131956,
                    0.3302748560878248,
                    -0.6284788552847717,
                    -0.25161905916095456,
                    -0.7336900586724746,
                    0.338288113443346,
                    -0.18527064671255225,
                    0.8333784655009681,
                    -0.2593889491727098,
                    0.28190851488137125,
                    0.2931814027543456,
                    0.4897951203353984,
                    1.0229056489360282,
                    -0.6652622345638163,
                    0.9342490262025146
                ],
                [
                    -1.2767115462813245,
                    0.4797117363571104,
                    -0.8270740200143202,
                    -0.9164371355963151,
                    0.6915787757255073,
                    -0.6707464399062123,
                    -0.5262142398684383,
                    -0.6197770144111723,
                    0.4144705235578618,
                    0.4832560886000776,
                    -0.10845426107026343,
                    -0.40028576657011056,
                    0.08242389150404553,
                    -0.06294747914115403,
                    -0.8118790227543045,
                    0.24261713539834123
                ],
                [
                    -1.1253636005567724,
